<?xml version="1.0" encoding="UTF-8" standalone="yes"?>
<persons> 
  <person id="p1">
    <name>Nick Nedd</name>
    <gender>Male</gender>
    <e-mail>nick@tick.com</e-mail>
    <birthyear>1976</birthyear>
    <hero-name>The Tick</hero-name>
    <spandex>Yes</spandex>
    <strength>9</strength>
    <speed>7</speed>
    <intelligence>5</intelligence>
    <wealth>0</wealth>
    <income>90 287</income>
    <tax>29 794</tax>
  </person>

  <person id="p2">
    <name>Bruce Wayne</name>
    <gender>Male</gender>
    <e-mail>bruce@wayneenterprises.com</e-mail>
    <birthyear>1974</birthyear>
    <hero-name>Batman</hero-name>
    <spandex>No</spandex>
    <strength>7</strength>
    <speed>4</speed>
    <intelligence>9</intelligence>
    <wealth>50 144 501</wealth>
    <income>3 343 891</income>
    <tax>11 132 384</tax>
  </person>

  <person id="p3">
    <name>Selina Kyle</name>
    <gender>Female</gender>
    <e-mail>selina@whiskas.com</e-mail>
    <birthyear>1977</birthyear>
    <hero-name>Catwoman</hero-name>
    <spandex>Yes</spandex>
    <strength>6</strength>
    <speed>6</speed>
    <intelligence>9</intelligence>
    <wealth>2 987 323</wealth>
    <income>0</income>
    <tax>597 464</tax>
  </person>

</persons>
